<metadata><idinfo><citation><citeinfo><pubdate>07/03/2013</pubdate><title>National Marine Sanctuary of American Samoa Boundary (polygon)</title><geoform>vector digital data</geoform><serinfo><sername>Office of Naitonal Marine Sanctuaries Boundary Data</sername><issue>Sanctuary Boundary</issue></serinfo><pubinfo><pubplace>Silver Spring, MD</pubplace><publish>NOAA / Office of National Marine Sanctuaries</publish></pubinfo><ftname Sync="TRUE">NMSAS_poly</ftname><pubtime>08:10</pubtime><edition>201307</edition><othercit>none</othercit><origin>NOAA / Office of National Marine Sanctuaries</origin><onlink>http://www.sanctuaries.gov/</onlink><lworkcit><citeinfo><title>National Marine Sanctuary of American Samoa</title><pubdate>07/03/2013</pubdate><pubtime>08:16</pubtime><edition>201307</edition><ftname>NMSAS_poly</ftname><geoform>vector digital data</geoform><origin>NOAA / Office of Naitonal Marine Sanctuaries</origin><onlink>http://sanctuaries.noaa.gov/</onlink><pubinfo><publish>NOAA / Office of National Marine Sanctuaries</publish><pubplace>SIlver Spring, MD</pubplace></pubinfo><serinfo><issue>Sanctuary Boundary</issue><sername>Office of National Marine Sanctuaries Boundary</sername></serinfo></citeinfo></lworkcit></citeinfo></citation><descript><abstract>The Office of National Marine Sanctuaries manages a system of sanctuaries and other managed areas around the country. The legal boundaries of these sanctuaries are defined within the Code of Federal Regulations, at 15 C.F.R. Part 922 and the subparts for each national marine sanctuary. The GIS compatible digital boundary files for each national marine sanctuary are representations of those legal boundaries and are based on the best available data. These files are available for public use at locations defined in this metadata record. </abstract><purpose>These GIS compatible digital files are provided to promote an understanding of the boundaries of each national marine sanctuary. They are based on the legal definition of each sanctuary as defined in the Code of Federal Regulations, at 15 C.F.R. Part 922 and the subparts for each national marine sanctuary. These digital files are not intended and should not be relied upon for use in navigation or legal purposes. For legal questions relating to the digital files, please contact the ONMS at the information provided in this metadata record. </purpose><supplinf>The FwsInterest feature class is an aggregated data layer derived by appending separate regional feature data sets into a single national set. The spatial and positional accuracy of this information will vary depending on the original source data and methods utilized. Data sources are not listed in this document but are maintained for each region and can be requested. We strive to improve the accuracy of this data and incorporate more reliable information when available.</supplinf><langdata Sync="TRUE">English (United States)</langdata></descript><timeperd><timeinfo><sngdate><caldate>07/03/2013</caldate><time>08:20</time></sngdate></timeinfo><current>publication date</current></timeperd><status><progress>Complete</progress><update>Daily</update></status><spdom><bounding><westbc>-179.147969</westbc><eastbc>179.772678</eastbc><northbc>70.329407</northbc><southbc>-14.609461</southbc></bounding><lboundng><leftbc Sync="TRUE">-168.172325</leftbc><rightbc Sync="TRUE">-168.139098</rightbc><bottombc Sync="TRUE">-14.559753</bottombc><topbc Sync="TRUE">-14.530095</topbc></lboundng></spdom><keywords><theme><themekt>ISO 19115 Topic Categories</themekt><themekey>boundaries</themekey><themekey></themekey></theme><theme><themekt>None</themekt><themekey>Code of Federal Regulation</themekey><themekey>marine protected area</themekey><themekey>MPA</themekey><themekey>National Marine Sanctuary</themekey><themekey>NMS</themekey><themekey>ONMS</themekey><themekey>CFR</themekey></theme><place><placekt>Sanctuary</placekt><placekey>American Samoa</placekey><placekey>Marine</placekey><placekey>National Marine Sanctuary</placekey><placekey>NMS</placekey><placekey>South Pacific</placekey></place></keywords><accconst>None</accconst><useconst>This data layer was compiled for use with natural resource mapping and GIS applications. It is inappropriate to use these data for legal purposes.</useconst><ptcontac><cntinfo><cntperp><cntper>ONMS Boundary Coordinator</cntper><cntorg>NOAA / Office of National Marine Sanctuaries</cntorg></cntperp><cntpos>ONMS Boundary Coordinator</cntpos><hours> 9:00AM to 4:00PM EST; Monday - Friday</hours><cntvoice>(301) 713-3125</cntvoice><cntfax>(310) 713-4306</cntfax><cntemail>sanctuaries@noaa.gov</cntemail><cntaddr><addrtype>mailing and physical address</addrtype><country>United States of America</country><state>MD</state><city>Silver Spring</city><postal>20910</postal><address>N/NMS, SSMC4, 1305 East West Hwy</address></cntaddr></cntinfo></ptcontac><native>Microsoft Windows XP Version 5.1 (Build 2600) Service Pack 2; ESRI ArcCatalog 9.3.1.1850</native><natvform Sync="TRUE">Shapefile</natvform></idinfo><dataqual><logic>The data were topologically cleaned.</logic><complete>Where possible, the entire boundary for the sanctuary is represented by this digital file. </complete><posacc><horizpa><horizpar>Positional accuracy will vary depending on source</horizpar></horizpa><vertacc><vertaccr>Positional accuracy will vary</vertaccr></vertacc></posacc><lineage><srcinfo><srcscale></srcscale><typesrc>chart</typesrc><srccitea>nautical chart</srccitea><srccontr>Spatial and attribute information</srccontr><srccite><citeinfo><title>Raster Coastal Map Series Showing Hydrography and Topography Found on NOAA's Charted Nautical Charts for All Near-Shore Geographic Areas of the U.S. </title><pubdate></pubdate><geoform>raster digital data</geoform><othercit>Scale of source material ranges from 1:20000 to 1:80000 </othercit><origin>NOAA Office of Coast Survey (OCS)</origin><onlink>http://chartmaker.ncd.noaa.gov/</onlink><pubinfo><publish> NOAA's Ocean Service, Office of Coast Survey (OCS)</publish><pubplace>Silver Spring, MD</pubplace></pubinfo><serinfo><issue>kapp number</issue><sername>Coastal Map series</sername></serinfo><lworkcit><citeinfo><title>Nautical Charts</title><pubdate></pubdate><geoform>raster digital data</geoform><origin> NOAA, NOS, OCS, Marine Charting Division</origin><onlink>http://chartmaker.ncd.noaa.gov/</onlink><pubinfo><publish>NOAA's Ocean Service, Office of Coast Survey</publish><pubplace>Silver Spring, MD</pubplace></pubinfo><serinfo><issue>kapp number</issue><sername>NOAA Nautical Charts</sername></serinfo></citeinfo></lworkcit></citeinfo></srccite><srctime><srccurr>publication date</srccurr><timeinfo><rngdates><begdate>07/03/2013</begdate><begtime>08:45</begtime><enddate>07/03/2013</enddate><endtime>08:45</endtime></rngdates></timeinfo></srctime></srcinfo><procstep><procdesc>The geographic boundary coordinates listed within the United States Code of Federal Regulations (CFR) were converted to decimal degrees and a text file was created. A point coverage was then generated using ArcInfo GIS. The coverage was projected into the Geographic Coordinate System and overlaid on large scale nautical charts and analyzed with additional data such as adjacent sanctuaries and shorelines. Specific attention was given to analysis of inconsistencies between textual descriptions and listed coordinates. The polyline files were created using a combination of the coordinate list from the CFR and applicable shoreline vector files. For point files, two methods were used. If the sanctuary had a shoreline component, a polyline to point script was used to create a point for each vertice. If a shoreline component was not present, then the original coordinates from the CFR were used to create a point shapefile. Polygon files were created by converting polylines to polygons. For more detailed process description, please use contact information below. </procdesc><procdate>201301</procdate><srcused>NWRS</srcused><srcprod>NWRS</srcprod><proccont><cntinfo><cntperp><cntorg>NOAA / Office of National Marine Sanctuaries</cntorg><cntper>ONMS Boundary Coordinator</cntper></cntperp><cntpos>Boundary Coordinator</cntpos><hours>9:00AM to 4:00PM EST; Monday - Friday</hours><cntvoice>(301) 713-3125</cntvoice><cntfax>(301) 713-4306</cntfax><cntemail>sanctuaries@noaa.gov</cntemail><cntaddr><addrtype>mailing and physical address</addrtype><state>MD</state><city>Silver Spring</city><postal>20910</postal><address>N/NMS, SSMC4, 1305 East West Hwy</address></cntaddr></cntinfo></proccont></procstep></lineage><attracc><attraccr>Attributes were standardized by feature type (point, line, and polygon) across all sanctuary boundaries. The values recorded for each attribute were quality assured and believed to be accurate. </attraccr></attracc></dataqual><spdoinfo><direct>Vector</direct><ptvctinf><esriterm><efeatyp Sync="TRUE">Simple</efeatyp><efeageom code="4" Sync="TRUE"></efeageom><esritopo Sync="TRUE">FALSE</esritopo><efeacnt Sync="TRUE">7</efeacnt><spindex Sync="TRUE">TRUE</spindex><linrefer Sync="TRUE">FALSE</linrefer></esriterm></ptvctinf></spdoinfo><spref><horizsys><geograph><latres>0.000003</latres><longres>0.000003</longres><geogunit>Decimal degrees</geogunit></geograph><geodetic><horizdn>North American Datum of 1983</horizdn><ellips>Geodetic Reference System 80</ellips><semiaxis>6378137.000000</semiaxis><denflat>298.257222</denflat></geodetic><cordsysn><geogcsn Sync="TRUE">GCS_North_American_1983</geogcsn></cordsysn></horizsys></spref><eainfo><detailed Name="NMSAS_poly"><enttyp><enttypl>NMSAS_poly</enttypl><enttypt>Feature Class</enttypt><enttypc>7</enttypc><enttypd></enttypd><enttypds></enttypds></enttyp><attr><attrlabl>FID</attrlabl><attalias>FID</attalias><attrdef>Internal feature number.</attrdef><attrdefs>ESRI</attrdefs><attrtype>OID</attrtype><attwidth>4</attwidth><atprecis>0</atprecis><attscale>0</attscale><attrdomv><udom>Sequential unique whole numbers that are automatically generated.</udom></attrdomv><begdatea></begdatea></attr><attr><attrlabl>Shape</attrlabl><attalias>Shape</attalias><attrdef>Feature geometry.</attrdef><attrdefs>ESRI</attrdefs><attrtype>Geometry</attrtype><attwidth>0</attwidth><atprecis>0</atprecis><attscale>0</attscale><attrdomv><udom>Coordinates defining the features.</udom></attrdomv><begdatea></begdatea></attr><attr><attrlabl>Label</attrlabl><attalias>Label</attalias><attrdef>Sanctuary unit name</attrdef><attrdefs>Office of National Marine Sanctuaries</attrdefs><attrtype>String</attrtype><attwidth>80</attwidth><atprecis>0</atprecis><attscale>0</attscale><begdatea></begdatea></attr><attr><attrlabl>Sanctuary</attrlabl><attalias>Sanctuary</attalias><attrdef>National Marine Sanctuary name</attrdef><attrdefs>Office of National Marine Sanctuaries</attrdefs><attrtype>String</attrtype><attwidth>10</attwidth><atprecis>0</atprecis><attscale>0</attscale><begdatea></begdatea></attr><attr><attrlabl>Datum</attrlabl><attalias>Datum</attalias><attrdef>Horizontal datum</attrdef><attrdefs>ONMS</attrdefs><attrtype>String</attrtype><attwidth>25</attwidth><atprecis>0</atprecis><attscale>0</attscale><begdatea></begdatea></attr><attr><attrlabl>Area_KM</attrlabl><attalias>Area_KM</attalias><attrdef>Area calculated in square kilometers</attrdef><attrdefs>ONMS</attrdefs><attrtype>Double</attrtype><attwidth>13</attwidth><atprecis>12</atprecis><attscale>2</attscale><begdatea></begdatea></attr><attr><attrlabl>Area_SM</attrlabl><attalias>Area_SM</attalias><attrdef>Area calculated in square statute miles</attrdef><attrdefs>ONMS</attrdefs><attrtype>Double</attrtype><attwidth>13</attwidth><atprecis>12</atprecis><attscale>2</attscale><begdatea></begdatea></attr><attr><attrlabl>Area_NM</attrlabl><attalias>Area_NM</attalias><attrdef>Area calculated in square nautical miles</attrdef><attrdefs>ONMS</attrdefs><attrtype>Double</attrtype><attwidth>13</attwidth><atprecis>12</atprecis><attscale>2</attscale><begdatea></begdatea></attr><attr><attrlabl>Area_Acres</attrlabl><attalias>Area_Acres</attalias><attrdef>Area calculated in acres</attrdef><attrdefs>ONMS</attrdefs><attrtype>Double</attrtype><attwidth>15</attwidth><atprecis>14</atprecis><attscale>2</attscale><begdatea></begdatea></attr></detailed></eainfo><metainfo><metd>20101101</metd><metc><cntinfo><cntpos>Boundary Coordinator</cntpos><cntorgp><cntorg>NOAA / Office of National Marine Sanctuaries</cntorg><cntper>Booundary Coordinator</cntper></cntorgp><hours> 9:00AM to 4:00PM EST; Monday - Friday</hours><cntvoice>(301) 713-3125</cntvoice><cntfax>(301)713-4306</cntfax><cntemail>sanctuaries@noaa.gov</cntemail><cntaddr><addrtype>mailing and physical address</addrtype><state>MD</state><city>Silver Spring</city><postal>22203</postal><address>N/NMS, SSMC4, 1305 East West Hwy</address></cntaddr></cntinfo></metc><metstdn>FGDC Content Standards for Digital Geospatial Metadata</metstdn><metstdv>FGDC-STD-001-1998</metstdv><mettc>local time</mettc><metac>None</metac><metuc>None</metuc><langmeta Sync="TRUE">en</langmeta><metrd></metrd><metfrd></metfrd><metsi><metscs></metscs><metsc></metsc><metshd></metshd></metsi></metainfo><Esri><CreaDate>20120918</CreaDate><CreaTime>13545700</CreaTime><SyncOnce>FALSE</SyncOnce><SyncDate>20130703</SyncDate><SyncTime>09103900</SyncTime><ModDate>20130703</ModDate><ModTime>09103900</ModTime><ArcGISFormat>1.0</ArcGISFormat><DataProperties><itemProps><itemName Sync="TRUE">NMSAS_poly</itemName><imsContentType Sync="TRUE">002</imsContentType><itemSize Sync="TRUE">0.066</itemSize><itemLocation><linkage Sync="TRUE">file://\\AAMB-S-CLUST01\NMS-USERS\TONY.REYER\Sanctuaries\Sanctuary Boundaries\American Samoa NMS\Updated Bndy Files\NMSAS_poly.shp</linkage><protocol Sync="TRUE">Local Area Network</protocol></itemLocation><nativeExtBox><westBL Sync="TRUE">-171.140903</westBL><eastBL Sync="TRUE">-167.283526</eastBL><southBL Sync="TRUE">-15.386150</southBL><northBL Sync="TRUE">-10.997600</northBL><exTypeCode Sync="TRUE">1</exTypeCode></nativeExtBox></itemProps><coordRef><type Sync="TRUE">Geographic</type><geogcsn Sync="TRUE">GCS_North_American_1983</geogcsn><csUnits Sync="TRUE">Angular Unit: Degree (0.017453)</csUnits><peXml Sync="TRUE">&lt;GeographicCoordinateSystem xsi:type='typens:GeographicCoordinateSystem' xmlns:xsi='http://www.w3.org/2001/XMLSchema-instance' xmlns:xs='http://www.w3.org/2001/XMLSchema' xmlns:typens='http://www.esri.com/schemas/ArcGIS/10.0'&gt;&lt;WKT&gt;GEOGCS[&amp;quot;GCS_North_American_1983&amp;quot;,DATUM[&amp;quot;D_North_American_1983&amp;quot;,SPHEROID[&amp;quot;GRS_1980&amp;quot;,6378137.0,298.257222101]],PRIMEM[&amp;quot;Greenwich&amp;quot;,0.0],UNIT[&amp;quot;Degree&amp;quot;,0.0174532925199433],AUTHORITY[&amp;quot;EPSG&amp;quot;,4269]]&lt;/WKT&gt;&lt;XOrigin&gt;-400&lt;/XOrigin&gt;&lt;YOrigin&gt;-400&lt;/YOrigin&gt;&lt;XYScale&gt;11258999068426.238&lt;/XYScale&gt;&lt;ZOrigin&gt;-100000&lt;/ZOrigin&gt;&lt;ZScale&gt;10000&lt;/ZScale&gt;&lt;MOrigin&gt;-100000&lt;/MOrigin&gt;&lt;MScale&gt;10000&lt;/MScale&gt;&lt;XYTolerance&gt;8.9831528411952133e-009&lt;/XYTolerance&gt;&lt;ZTolerance&gt;0.001&lt;/ZTolerance&gt;&lt;MTolerance&gt;0.001&lt;/MTolerance&gt;&lt;HighPrecision&gt;true&lt;/HighPrecision&gt;&lt;LeftLongitude&gt;-180&lt;/LeftLongitude&gt;&lt;WKID&gt;4269&lt;/WKID&gt;&lt;/GeographicCoordinateSystem&gt;</peXml></coordRef><lineage><Process ToolSource="c:\program files (x86)\arcgis\desktop10.0\ArcToolbox\Toolboxes\Analysis Tools.tbx\Union" Date="20130304" Time="090450">Union "Rose_Atoll_National_Wildlife_Refuge #;sanctuary_units #" "H:\Sanctuaries\Sanctuary Boundaries\American Samoa NMS\Updated Bndy Files\Sanctuary_Units_1st_update.shp" ALL # GAPS</Process><Process ToolSource="c:\program files (x86)\arcgis\desktop10.0\ArcToolbox\Toolboxes\Analysis Tools.tbx\Union" Date="20130304" Time="091255">Union "Sanctuary_Units_1st_update #;shoreline #;Swains_Island_Channel_Exclusion #" "H:\Sanctuaries\Sanctuary Boundaries\American Samoa NMS\Updated Bndy Files\NMSAS_poly.shp" ALL # GAPS</Process><Process ToolSource="c:\program files (x86)\arcgis\desktop10.0\ArcToolbox\Toolboxes\Analysis Tools.tbx\Union" Date="20130304" Time="091731">Union "NMSAS_poly #;Aunuu_units_split #" "H:\Sanctuaries\Sanctuary Boundaries\American Samoa NMS\Updated Bndy Files\NMSAS_poly_test.shp" ALL # GAPS</Process><Process ToolSource="C:\Program Files (x86)\ArcGIS\Desktop10.0\ArcToolbox\Toolboxes\Data Management Tools.tbx\CalculateField" Date="20130701" Time="115846">CalculateField NMSAS_poly Sanctuary NMSAS VB #</Process></lineage></DataProperties></Esri><distInfo><distributor><distorTran><onLineSrc><linkage Sync="TRUE">file://\\ASUSI7\V\Misc_GIS\American_Samoa_NMS\data_and_layers\rose_atoll_national_wildlife_refuge.shp</linkage><protocol Sync="TRUE">Local Area Network</protocol><orDesc Sync="TRUE">002</orDesc></onLineSrc><transSize Sync="TRUE">0.002</transSize></distorTran><distorFormat><formatName Sync="TRUE">Shapefile</formatName></distorFormat></distributor><distFormat><formatName Sync="TRUE">Shapefile</formatName></distFormat><distTranOps><transSize Sync="TRUE">0.066</transSize></distTranOps></distInfo><dataIdInfo><envirDesc Sync="TRUE">Microsoft Windows 7 Version 6.1 (Build 7601) Service Pack 1; ESRI ArcGIS 10.0.5.4400</envirDesc><dataLang><languageCode Sync="TRUE" value="eng"></languageCode><countryCode value="USA" Sync="TRUE"></countryCode></dataLang><idCitation><resTitle Sync="TRUE">NMSAS_poly</resTitle><presForm><PresFormCd Sync="TRUE" value="005"></PresFormCd></presForm></idCitation><spatRpType><SpatRepTypCd Sync="TRUE" value="001"></SpatRepTypCd></spatRpType><dataExt><geoEle><GeoBndBox esriExtentType="native"><westBL Sync="TRUE">-168.172325</westBL><eastBL Sync="TRUE">-168.139098</eastBL><northBL Sync="TRUE">-14.530095</northBL><southBL Sync="TRUE">-14.559753</southBL><exTypeCode Sync="TRUE">1</exTypeCode></GeoBndBox></geoEle></dataExt><geoBox esriExtentType="decdegrees"><westBL Sync="TRUE">-168.172325</westBL><eastBL Sync="TRUE">-168.139098</eastBL><northBL Sync="TRUE">-14.530095</northBL><southBL Sync="TRUE">-14.559753</southBL><exTypeCode Sync="TRUE">1</exTypeCode></geoBox><dataExt><geoEle><GeoBndBox esriExtentType="search"><exTypeCode Sync="TRUE">1</exTypeCode><westBL Sync="TRUE">-171.140903</westBL><eastBL Sync="TRUE">-167.283526</eastBL><northBL Sync="TRUE">-10.997600</northBL><southBL Sync="TRUE">-15.386150</southBL></GeoBndBox></geoEle></dataExt></dataIdInfo><mdLang><languageCode Sync="TRUE" value="eng"></languageCode><countryCode value="USA" Sync="TRUE"></countryCode></mdLang><mdStanName Sync="TRUE">ISO 19115 Geographic Information - Metadata</mdStanName><mdStanVer Sync="TRUE">DIS_ESRI1.0</mdStanVer><mdChar><CharSetCd Sync="TRUE" value="006"></CharSetCd></mdChar><mdHrLv><ScopeCd Sync="TRUE" value="005"></ScopeCd></mdHrLv><mdHrLvName Sync="TRUE">dataset</mdHrLvName><refSysInfo><RefSystem><refSysID><identCode Sync="TRUE" value="4269">GCS_North_American_1983</identCode><idCodeSpace Sync="TRUE">EPSG</idCodeSpace><idVersion Sync="TRUE">7.4.1</idVersion></refSysID></RefSystem></refSysInfo><spatRepInfo><VectSpatRep><geometObjs Name="NMSAS_poly"><geoObjTyp><GeoObjTypCd value="002" Sync="TRUE"></GeoObjTypCd></geoObjTyp><geoObjCnt Sync="TRUE">7</geoObjCnt></geometObjs><topLvl><TopoLevCd value="001" Sync="TRUE"></TopoLevCd></topLvl></VectSpatRep></spatRepInfo><mdDateSt Sync="TRUE">20130701</mdDateSt><distinfo><resdesc>Downloadable Data</resdesc><distliab>Users must assume responisibility to determine the appropriate use of Thesee data. These boundaries are not to be used as LEGAL definitions. The boundaries are created with the most recent and accurate boundary information available, but the edges and/or borders of the boundaries may change due to the natural land changes, site boundary modification or higher resolution maps. Therefore, the currency or accuracy of Thesee boundaries cannot be guaranteed.</distliab><custom>National Marine Sanctuary of American Samoa  Digital Boundary File (NMSAS_poly.shp)</custom><techpreq>Digital boundry files are available for public consumption from the National Marine Sanctuary Program through their internet site. Because URL addresses and pages change, the actual data URL is not listed here, but will be searchable within the site (&lt;http://sanctuaries.noaa.gov&gt;) Requests may also be made through the NMSP Boundary Coordinator. See Distributor Contact Information for contact details.</techpreq><distrib><cntinfo><cntorgp><cntorg>NOAA / Office of National Marine Sanctuaries</cntorg><cntper>ONMS Boundary Coordinator</cntper></cntorgp><cntpos>Booundary Coordinator</cntpos><hours>9:00AM to 4:00PM EST; Monday - Friday</hours><cntvoice>(301) 713-3125</cntvoice><cntfax>(301) 713-4306</cntfax><cntemail>Sanctuaries@noaa.gov</cntemail><cntaddr><addrtype>mailing and physical address</addrtype><state>MD</state><city>Silver Spring</city><postal>22203</postal><address>N/NMS, SSMC4, 1305 East West Hwy</address></cntaddr></cntinfo></distrib><availabl><obsolete></obsolete><timeinfo/></availabl><stdorder><fees>None</fees><ordering></ordering><turnarnd></turnarnd><digform><digtinfo><transize>0.034</transize><dssize>0.002</dssize><formname>ARCE</formname><filedec>no compression applied</filedec></digtinfo><digtopt><onlinopt><oncomp>http://www.fws.gov/GIS/data/CadastralDB/index.htm</oncomp><computer><networka><networkr>http://www.fws.gov/GIS/data/CadastralDB/FWSInterest.zip</networkr></networka></computer></onlinopt></digtopt></digform></stdorder></distinfo></metadata>
